instrument,realized_pnl,unrealized_change_pnl,fees,total_expected_pnl
AUDUSD,1221.91,4844.599999999999,212.75,5853.75
EURUSD,-171.48999999999995,65.99000000000011,258.77,-364.26999999999964
GBPUSD,1980.67,334.07999999999925,286.13,2028.619999999999
